type,type2,time,player_survive_time,team_placement,game_size,player_kills,player_dmg,player_distance_travelled,player_team_list,match_id,player_dist_ride,player_dist_walk,player_dbno,player_assists,player_name
Ranked,sp__mode sp__mode--competitive-4-tpp,2023-02-28 06:52:58,1056,2,15,2,705,3.80km,Ftbox_NkEr|||Ftbox_HuangGg|||Ftbox_Sh1San|||Ftbox_Xx1ng,JwQTpc85CVDzAo7j_aZ9pdJZF_t7bWpaUIWyxl7qBFUsvOB6QoRe8F2XSs6JbSe2qRi4-HT1HvJfYbW8-XLOW15BiHDuEy-c1dzVgd07EtyTMAV5bq7NrphZ-IQcmMnxg_rHDmQp9jw=,2.22,1.58,5,0,Ftbox_NkEr
Ranked,sp__mode sp__mode--competitive-4-tpp,2023-02-28 06:24:09,1339,4,16,3,320,7.41km,Ftbox_NkEr|||Ftbox_ShiSan|||Ftbox_HuangGg|||Ftbox_Xx1ng,JwQTpc85CVDzAo7j_aZ9pb4BJ8wqv-Heb0SkluvfKPa03sWjKBoDmjquhalevhuc1buPIydzAnPL5bkH6souc5SN2iHmVz5yu_n2Q4NWgddrL7EtZ_zBFpdbOVfzXoPgXeemBgOyVEo=,6.41,1.00,1,0,Ftbox_NkEr
Ranked,sp__mode sp__mode--competitive-4-tpp,2023-02-28 05:57:53,1452,1,17,3,888,4.57km,Ftbox_NkEr|||Ftbox_ShiSan|||Ftbox_HuangGg|||Ftbox_Xx1ng,JwQTpc85CVDzAo7j_aZ9pXmIjwMI_loMcuet_vMtb-U-lE04RyDgl8bFMHrR_uGApZeKgjDa3uvXAKqs9fS5ZDwNX6VvxC1YT8PXYJKDcRLXeLS8qnp_SaiaMAFIvTR7qrk3KjfeJoE=,3.36,1.20,5,4,Ftbox_NkEr
Ranked,sp__mode sp__mode--competitive-4-tpp,2023-02-28 05:28:04,1679,1,17,6,865,6.65km,Ftbox_NkEr|||Ftbox_HuangGg|||Ftbox_ShiSan|||Ftbox_Xx1ng,JwQTpc85CVDzAo7j_aZ9pWgfK399q8lp94Sw13q-Uy3c6CFrvyIMgDMyjcvhr2zlgvbo_nhAlkePm6xmDwI_lXSHvk49e0PSbSVm7Xe2qcu6fDA-XT9J8W-peKBX0eB1yyTZDaNrGjg=,4.16,2.49,7,3,Ftbox_NkEr
Ranked,sp__mode sp__mode--competitive-4-tpp,2023-02-28 05:05:28,1213,7,16,4,401,6.81km,Ftbox_NkEr|||Ftbox_HuangGg|||Ftbox_ShiSan|||Ftbox_Xx1ng,JwQTpc85CVDzAo7j_aZ9pX4DNPKPn6lTc1KyKMEn7swZb6bwwxporIyfborCgIAli6FCe_xEocihYY6W5XhvVGGNnuHLjy2AcN0pzF67lP9TaZGVuzbEHVWQhS2vpeQRd0T3KNhopRI=,4.86,1.95,4,4,Ftbox_NkEr
Ranked,sp__mode sp__mode--competitive-4-tpp,2023-02-28 04:34:41,1685,1,16,4,747,6.00km,Ftbox_NkEr|||Ftbox_ShiSan|||Ftbox_HuangGg|||Ftbox_Xx1ng,JwQTpc85CVDzAo7j_aZ9pRGpLnw2rFCZA0znj3DhjCaCmDvGgaY4E6qLhBkxYj1t9_MayocxQSxWzNr7mvr9QJIfZhDgiOqkgZE-HmkdW7u-EaBnJm4npv_2_GxfCf0h0Ksc9YPlnNs=,4.06,1.94,3,2,Ftbox_NkEr
Ranked,sp__mode sp__mode--competitive-4-tpp,2023-02-28 04:25:36,362,16,18,0,100,0.22km,Ftbox_NkEr|||Ftbox_HuangGg|||Ftbox_ShiSan|||Ftbox_Xx1ng,JwQTpc85CVDzAo7j_aZ9peLCF0Viz5XXTpSzcSE8uqfIZRvtEgpuJVkLovk4J18UtVFG9qHuOY6F1hZ93r1IK3DDD-mZ--Ry6AVXZxjggaXqFWwZblsKluc8KjeX7MNBeztbQexZpQY=,0.00,0.22,1,1,Ftbox_NkEr
Ranked,sp__mode sp__mode--competitive-4-tpp,2023-02-25 01:00:25,1785,1,18,11,"1,417",5.95km,Ftbox_NkEr|||Ftbox_Magisk|||Ftbox_HuangGg|||Ftbox_Sh1San,JwQTpc85CVDzAo7j_aZ9pVTd_cbAsoKNd1oMqPrlyjorfypY6UsIDy2nTJRSjEMr__bimK5HVAG7ebybOT3YjAts4JLJSKMiLlS_iADxw7CyxS7wHJ-lToksH_htvY0WysQJulPGkw8=,4.15,1.80,9,0,Ftbox_NkEr
Ranked,sp__mode sp__mode--competitive-4-tpp,2023-02-24 01:13:02,1386,8,20,0,157,2.76km,Ftbox_NkEr|||Ftbox_ShiSan|||Ftbox_HuangGg|||Ftbox_Magisk,JwQTpc85CVDzAo7j_aZ9pVLmNVRbURmvk1Oy99-yl_Vw9xqh55F_Z9Uw2AW-411oQfC5gZsaBvDaFRaVvoQA7six0EC6sh_BvNnOUj9jAtXX-mDlz7jYJVTsoO4GOaSrX5cB-xaNAGY=,2.18,0.58,0,1,Ftbox_NkEr
Ranked,sp__mode sp__mode--competitive-4-tpp,2023-02-24 00:47:23,1388,1,16,4,520,10.40km,Ftbox_NkEr|||Ftbox_ShiSan|||Ftbox_Magisk|||Ftbox_HuangGg,JwQTpc85CVDzAo7j_aZ9paWouz6d9WlszAGDj-iZMjgTkPgW15F3V3wlLG6HMdne6pZoo3GmWhrL6gbL-vnBiK0b9sXX4otrKAMcEBxHQ19I3fWdT6dXMmibXINDIfkD-vjJbm6FfwY=,8.29,2.11,4,8,Ftbox_NkEr
Ranked,sp__mode sp__mode--competitive-4-tpp,2023-02-23 05:34:24,616,1,16,1,84,4.77km,Ftbox_NkEr|||Ftbox_Magisk|||Ftbox_ShiSan|||Ftbox_Xx1ng,JwQTpc85CVDzAo7j_aZ9pTC9X_iBn_9knu_ZtCZla_mJ-0T0IMmpK90wUOVK1G3GjHTagNB8iSha-7V22ONNjkUb0yOHIXgCwkmCjlDoGIXcvYLN8KTvrHWP2VT_rUPBfFg7H-oNx0M=,4.14,0.62,1,1,Ftbox_NkEr
Ranked,sp__mode sp__mode--competitive-4-tpp,2023-02-23 05:01:50,1766,1,16,5,808,2.70km,Ftbox_NkEr|||Ftbox_ShiSan|||Ftbox_Magisk|||Ftbox_Xx1ng,JwQTpc85CVDzAo7j_aZ9pelgI_ExsbVxMuEZ7DI18kb0tQ8hFuokLqsKtoMXvw3pFnluHzOmMM-hPMaxR2nODKYmmvHwSsNuEXvjoO92eVgmOZVpHOdsOfFBdcvohhjlJh8OYTPR-LA=,1.29,1.42,6,2,Ftbox_NkEr
Ranked,sp__mode sp__mode--competitive-4-tpp,2023-02-23 04:05:44,1564,1,17,8,849,4.81km,Ftbox_NkEr|||Ftbox_Magisk|||Ftbox_ShiSan|||Ftbox_Xx1ng,JwQTpc85CVDzAo7j_aZ9pU-X_nOHzPnDpkmdBo4O1VMnF-l3FZm-wuVkeZfcqm2jurz0Xyk4VTQRfahByoeu-FxVwHfY4zX-XHm5oKYk-ZAbo0pX-W3TZuo6xKsaDlMwXRbK0i01J2E=,3.14,1.67,5,3,Ftbox_NkEr
Ranked,sp__mode sp__mode--competitive-4-tpp,2023-02-23 03:35:41,1270,3,17,1,418,12.08km,Ftbox_NkEr|||Ftbox_ShiSan|||Ftbox_Magisk|||Ftbox_Xx1ng,JwQTpc85CVDzAo7j_aZ9pTUkMoNuDbIcOvK0w0XFx6t9CyveTjQbM6v6UNkxC1l2PF0-LLC2NOEKwI3EIESZmcNrzxB2XY1mPlapimwnyxNtv2H58qFwAnDJKEa6z3E2N5uQnmb60fk=,11.21,0.87,3,2,Ftbox_NkEr
Ranked,sp__mode sp__mode--competitive-4-tpp,2023-02-23 03:04:36,1643,1,15,9,980,7.08km,Ftbox_NkEr|||Ftbox_ShiSan|||Ftbox_Magisk|||Ftbox_Xx1ng,JwQTpc85CVDzAo7j_aZ9pc31kFkLNbrw6ZQk9SttXfqQzvnMx9zIjL2L5LbkZaZfBmjw7h9yphwA4G5cDjZ80YIW4ABF9iFsBv7hgmK__3EA8v5VFJsiQgvBCyD6vqWK9Y-cVMmpkGI=,5.64,1.43,7,4,Ftbox_NkEr
Ranked,sp__mode sp__mode--competitive-4-tpp,2023-02-23 02:31:48,348,1,16,2,355,1.22km,Ftbox_NkEr|||Ftbox_ShiSan|||Ftbox_Magisk|||Ftbox_Xx1ng,JwQTpc85CVDzAo7j_aZ9pcxbppKKn0Du81jRcArBQn0XY79KJFhoW53rZHPuAWM2HKKGGrC4jkaim2qWkNgUZBZ3hqs_J8mK4N0EBYv3UM0VHHVWX5q9I6y7nZqOZI2_qpXUsx4DPfY=,0.81,0.41,4,0,Ftbox_NkEr
Ranked,sp__mode sp__mode--competitive-4-tpp,2023-02-23 02:23:59,319,14,15,2,259,0.26km,Ftbox_NkEr|||Ftbox_ShiSan|||Ftbox_Magisk|||Ftbox_Xx1ng,JwQTpc85CVDzAo7j_aZ9paCUahUKDXx8JE4i98KmYCe9yfqh7w3qoNAzYImPkymm-yAekj5hNRT4Vsh9hZuIOLdFqFhuQeY2uSV54MA8b-Q1EI-AUs4oxrtMIlDQ50zZm1lu-udrEAQ=,0.00,0.26,2,0,Ftbox_NkEr
Ranked,sp__mode sp__mode--competitive-4-tpp,2023-02-23 02:14:27,82,13,16,0,54,0.00km,Ftbox_NkEr|||Ftbox_Magisk|||Ftbox_ShiSan|||Ftbox_Xx1ng,JwQTpc85CVDzAo7j_aZ9pXNnX9o8OtigvfLcTyCGSMOLBNGQJoUsoXqQr7e1LAXso93dFcQH6TRV05IPRbiuI-Od_46GLkGNZJWTYaMK_Rmlgjt0CcCBINO6hIdvGkGA8XD7xh1wVFw=,0.00,0.00,0,0,Ftbox_NkEr
Ranked,sp__mode sp__mode--competitive-4-tpp,2023-02-23 01:52:06,1209,1,18,6,770,6.37km,Ftbox_NkEr|||Ftbox_ShiSan|||Ftbox_Magisk|||Ftbox_Xx1ng,JwQTpc85CVDzAo7j_aZ9pXzamnhjz4IkdXbalpkXIlCBS5h3uJldrzdsbZO6z4lWecPwTtag5U_fAjWcFs3LB7cbL3f4KkvEDTzQoWvOlCpnuafc30z2luc4WLiM7Yycd4y-Isr8-tU=,4.86,1.50,5,2,Ftbox_NkEr
Ranked,sp__mode sp__mode--competitive-4-tpp,2023-02-23 01:24:55,1430,1,9,2,470,6.03km,Ftbox_NkEr|||Ftbox_Magisk|||Ftbox_ShiSan|||Ftbox_Xx1ng,JwQTpc85CVDzAo7j_aZ9pZv378sfBf89rvbIlXxByfFlUBeFtr728teC6YyPi1XLKSbIjh5AlhJj-nNcEVxJvb4AvDJYz8aqr9aCBg-Qn0eebCkLsCeElL_o8Zdm9a5BCLDk6ivy6oo=,4.80,1.23,2,1,Ftbox_NkEr
Ranked,sp__mode sp__mode--competitive-4-tpp,2023-02-23 00:49:55,1665,1,16,10,"1,397",7.89km,Ftbox_NkEr|||Ftbox_ShiSan|||Ftbox_Magisk|||Ftbox_Xx1ng,JwQTpc85CVDzAo7j_aZ9pXfmr_AbXmUweCWWHhNHzCO6QxU8OgU7AEA337knAVttVsf-tC9FYtIIgA7Q_fJFRCC11OcIMADriUQ6BJyr1zdSYxTxlfOPefNDWSBJpslLaCHdYSAanKE=,5.84,2.05,11,4,Ftbox_NkEr
Ranked,sp__mode sp__mode--competitive-4-tpp,2023-02-22 06:34:26,807,1,16,3,399,3.85km,Ftbox_Xzz|||Ftbox_NkEr|||Ftbox_ShiSan|||Ftbox_Xx1ng,JwQTpc85CVDzAo7j_aZ9pcC2PxdsvWkKtFT2p0jo7j-AEXjSTI2nF4Eoh2vYcve7g1yO4GvpXZQX_A-1_Yj2fgDO0JHz3h21wz_fFxRtXbam00K4NsWxpKbxafCjZR1vgqyXqf8-0cw=,2.74,1.12,2,2,Ftbox_NkEr
Ranked,sp__mode sp__mode--competitive-4-tpp,2023-02-22 06:02:15,1576,1,16,5,494,9.69km,Ftbox_Xzz|||Ftbox_NkEr|||Ftbox_ShiSan|||Ftbox_Xx1ng,JwQTpc85CVDzAo7j_aZ9peaIHrxfc6YBtIFUB6_Ts97FbiwGqrxuIcSuKWEep_lIxGwVucitMdpIVRiIMBAn5ScJOIwyD1kWabTESf14AFel9YJ83ZPXBD5m6LQOI7V7gS0UbRHoO9M=,6.89,2.80,3,0,Ftbox_NkEr
Ranked,sp__mode sp__mode--competitive-4-tpp,2023-02-22 05:35:08,1489,1,18,3,583,6.14km,Ftbox_Xzz|||Ftbox_NkEr|||Ftbox_ShiSan|||Ftbox_Xx1ng,JwQTpc85CVDzAo7j_aZ9pYUszYbHLhRNAlxY0IJWVv42zbCg2T8l9vLig1C6lM2rVRzLsEEjCgglciRyh2OS_LrcKDcf8oatT1W_xd67KfA3Kg3zOqE4EOL7Ip9L6aLxUtjsybkD9Xg=,4.32,1.82,4,2,Ftbox_NkEr
Ranked,sp__mode sp__mode--competitive-4-tpp,2023-02-22 05:07:45,1316,1,17,2,222,5.70km,Ftbox_Xzz|||Ftbox_NkEr|||Ftbox_ShiSan|||Ftbox_Xx1ng,JwQTpc85CVDzAo7j_aZ9pU62miHsk6Zw8R1ESkrHsfK7dEg-_ihcqwSf3z7vRQxlOiLO0qASdC2lzTp0gM04bCtZKyJgQ6GD4RNmP6AeGO0plk-T0vRBvW7JEIgOuNGtda5V5gsDx2U=,4.15,1.55,3,4,Ftbox_NkEr
Ranked,sp__mode sp__mode--competitive-4-tpp,2023-02-22 04:42:55,1347,1,16,9,806,6.21km,Ftbox_NkEr|||Ftbox_Xzz|||Ftbox_ShiSan|||Ftbox_Xx1ng,JwQTpc85CVDzAo7j_aZ9pVYxWF9CSoSP7z1-epyjopXZKiffiZHd0_C_SYLVzZzkQhXjWFZ8vSAlPKNeijGv1EsZwG-EK4D1SXlydT1DoOQldr2ny9El0ADIn_W6UKa13xlEaSthS1o=,4.58,1.62,6,2,Ftbox_NkEr
Ranked,sp__mode sp__mode--competitive-4-tpp,2023-02-22 03:39:50,1463,3,17,7,615,4.93km,Ftbox_Xzz|||Ftbox_NkEr|||Ftbox_ShiSan|||Ftbox_Xx1ng,JwQTpc85CVDzAo7j_aZ9pS09I2wHi89WU79tOCHYzOWafu4Eu-Kp0-m5rhODV5KK1sCckm53683-m0SdhIPNBxIgfiGDtl9-wP3DZ1u2L-fYXCrtn_ToE86YBle_N5yvz_GD4i8Xlx8=,3.05,1.88,4,1,Ftbox_NkEr
Ranked,sp__mode sp__mode--competitive-4-tpp,2023-02-22 03:14:46,1331,1,18,6,553,6.84km,Ftbox_NkEr|||Ftbox_Xzz|||Ftbox_ShiSan|||Ftbox_Xx1ng,JwQTpc85CVDzAo7j_aZ9pa2UkqGganPV3K9H6Lw3XIOXfXj2-QEwCsPWHJBurzgtgucjQDu_MBNJ-0WNnjJkuEu3QB5DXdFfpYfGizLMSr7XCjhQ-xNRZo5rtDR1mlmi3VHEQANQ5kc=,4.70,2.14,6,4,Ftbox_NkEr
Ranked,sp__mode sp__mode--competitive-4-tpp,2023-02-22 02:40:23,1796,3,18,2,332,7.26km,Ftbox_NkEr|||Ftbox_Xzz|||Ftbox_ShiSan|||Ftbox_Xx1ng,JwQTpc85CVDzAo7j_aZ9pcjrGx1E4E_k2GOuM2UZ9BY1HRaH4Ig84EJB3MmLW6xx5U6D_GCjxe4RXrgJAeYGWk47s1By6k10Pit1x3D3yJgrSUtARzMxQJUWYPTrf7wtItXR06Qjw2I=,5.07,2.20,1,1,Ftbox_NkEr
Ranked,sp__mode sp__mode--competitive-4-tpp,2023-02-22 02:02:43,1800,1,17,9,848,5.88km,Ftbox_NkEr|||Ftbox_Xzz|||Ftbox_ShiSan|||Ftbox_Xx1ng,JwQTpc85CVDzAo7j_aZ9peaCjRQspzEBOcJfTPOZvQxbsY8cWtT-tR1T8QizyJ1Vw_xlD86dke1szulraWSCBIA8g42IOl-N00KDUmi9TEJfIHRa_uTMXm2iHt-62rgivErLMVTeohY=,4.08,1.80,9,3,Ftbox_NkEr
Ranked,sp__mode sp__mode--competitive-4-tpp,2023-02-22 01:52:26,382,13,16,1,189,0.84km,Ftbox_Xzz|||Ftbox_NkEr|||Ftbox_ShiSan|||Ftbox_Xx1ng,JwQTpc85CVDzAo7j_aZ9pc_jg3sYBTLLnn4nChPMX9XISQJY4Mq3LDi7uSf1efkfLDmDR4nY_cL8cSNNP2aHIC01brzwExY8L1Whcr4jTud9YJD1wQm2IjLHousUeaszRMPD7bPJC7Y=,0.31,0.53,2,0,Ftbox_NkEr
Ranked,sp__mode sp__mode--competitive-4-tpp,2023-02-22 01:23:14,1311,4,15,5,710,7.32km,Ftbox_Xzz|||Ftbox_NkEr|||Ftbox_ShiSan|||Ftbox_Xx1ng,JwQTpc85CVDzAo7j_aZ9pTX_qH81WEdCB7VHZMa4GFjdJkdHLXi9l9XksL0aUuJR0RqwvVR3p_KrjfLgpPWFkgnaPWuPrp55AcIO014us56jtR1XStNCH0dgf_qEeeI4EYxJWwtehmI=,5.49,1.82,6,2,Ftbox_NkEr
Ranked,sp__mode sp__mode--competitive-4-tpp,2023-02-22 00:53:21,1252,3,18,1,287,9.10km,Ftbox_Xzz|||Ftbox_NkEr|||Ftbox_ShiSan|||Ftbox_Xx1ng,JwQTpc85CVDzAo7j_aZ9pZ-bx6H4GquMtg2I2DV0Dj_2C4Wv2bef7-PLftryR9uuGcHIA8U0n_RDpkVzuDoz4mN8cTKvXs-_AFaoUs5xq0F7F1UuXuUgERNcA1h7T49RRoR_Og1akvM=,7.61,1.49,1,2,Ftbox_NkEr
Ranked,sp__mode sp__mode--competitive-4-tpp,2023-02-22 00:20:18,1254,1,17,2,755,3.84km,Ftbox_Xzz|||Ftbox_NkEr|||Ftbox_ShiSan|||Ftbox_Xx1ng,JwQTpc85CVDzAo7j_aZ9pYj54I69eWTUn2oX9RHGObPdM2x7XGxM-QCasGEKuT3DL-5u_ubhqpPAwtdnNliEMydwLirjIkXCYdMnCcoiIwubtS-2rZaSMOkuzDxT_1V83EX-wplAWs4=,2.68,1.15,5,1,Ftbox_NkEr
Ranked,sp__mode sp__mode--competitive-4-tpp,2023-02-21 02:52:43,350,15,17,0,0,0.51km,Ftbox_NkEr|||Ftbox_ShiSan|||Ftbox_HuangGg|||Ftbox_Magisk,JwQTpc85CVDzAo7j_aZ9pUx8M6EYrhOsdmmys6dDOhiBukE0rGSMq5MuMV46Y8L1qF_oDiarNyGAoOYRPt2BTiY-wJ2BX4kaw06eeWPNMCg0ULDDPhAShQ7VNw8Aq_j9aURKiHcEcOc=,0.22,0.29,0,0,Ftbox_NkEr
Ranked,sp__mode sp__mode--competitive-4-tpp,2023-02-21 02:23:45,1606,1,19,2,131,4.78km,Ftbox_NkEr|||Ftbox_ShiSan|||Ftbox_HuangGg|||Ftbox_Magisk,JwQTpc85CVDzAo7j_aZ9pSUiCtGR9bLa95pPeCJlUBbM6Tsl-qF3EdYiiYHXqbBmR0MdJQi5DWQEBYRwGLvVSXIyryVJQR8w5gmFeaXXGyORvtb3adySWqBvOopVDUNshdRQsbIhhbQ=,2.36,2.42,2,2,Ftbox_NkEr
Ranked,sp__mode sp__mode--competitive-4-tpp,2023-02-21 01:48:59,1891,1,18,9,"1,003",6.41km,Ftbox_NkEr|||Ftbox_HuangGg|||Ftbox_Magisk|||Ftbox_ShiSan,JwQTpc85CVDzAo7j_aZ9pSUV93pT75U15r2kmGjQ2SK6g8bR7pGS90D0CzR_5iM3QTpyDGwkpac-i68cBs8AlHYhaANLS86nUEc-hqXK9YoliWFNUxH7h7DsXzFF2uzYltQ7YpIzuCY=,4.08,2.33,5,4,Ftbox_NkEr
Ranked,sp__mode sp__mode--competitive-4-tpp,2023-02-21 01:19:09,1641,3,17,3,586,6.22km,Ftbox_NkEr|||Ftbox_ShiSan|||Ftbox_HuangGg|||Ftbox_Magisk,JwQTpc85CVDzAo7j_aZ9pVY8RKvAV5DHeWdkAAsmg0eV6bmW0PAY9cHFH_yzE-w-sQamUhDiCo-vcCnTw9x7NGpUpGqIQG-M9HS730NqAWkbmJkZQDjmmgolzkFC1n_W74hn6Kd4qlE=,4.20,2.02,1,2,Ftbox_NkEr
Ranked,sp__mode sp__mode--competitive-4-tpp,2023-02-21 00:46:25,1848,2,16,4,509,5.18km,Ftbox_NkEr|||Ftbox_ShiSan|||Ftbox_Magisk,JwQTpc85CVDzAo7j_aZ9pcYeLrOrAkLeI5SMoBZja7XwZDcLSKMS8xzvvBufuu1xcFiYGsN4TBLTS6xR2kmms912xOQ-Mkp2TyV_2VcpxPVGkp_JtlDQ2yEJhgBzbb0xnaL3F0xaofU=,3.35,1.83,4,5,Ftbox_NkEr
Ranked,sp__mode sp__mode--competitive-4-tpp,2023-02-20 03:08:09,1333,1,19,8,646,8.86km,Ftbox_NkEr|||Ftbox_ShiSan|||Ftbox_Magisk|||Ftbox_Xx1ng,JwQTpc85CVDzAo7j_aZ9pSjDAAK-hngwUz8IayWg43-ZLtFsTwLRp-s75FDpsJBhCfQ1KmF9u-mjcQrr9mJDHl_4gF_tPo1WHbzklUl4t-pi9A3bARnSUmWhdleiQyI_Gse8rS55QDk=,7.48,1.38,4,2,Ftbox_NkEr
Ranked,sp__mode sp__mode--competitive-4-tpp,2023-02-20 02:33:54,94,2,16,0,122,0.01km,Ftbox_NkEr|||Ftbox_ShiSan|||Ftbox_Magisk|||Ftbox_Xx1ng,JwQTpc85CVDzAo7j_aZ9peaLfZyS_PEeRbskxzKECqh16Vh_f69ggTgJxa4-BOfXYzM6jpaWdDUD4GT6H6BmFBjeNaKQuyki8Y2LfxooN602t-Blv85U9KwQxMqy6yqiyD47Go9FQ7A=,0.00,0.01,1,1,Ftbox_NkEr
Ranked,sp__mode sp__mode--competitive-4-tpp,2023-02-20 02:09:14,1365,8,16,3,726,7.68km,Ftbox_NkEr|||Ftbox_ShiSan|||Ftbox_Magisk|||Ftbox_Xx1ng,JwQTpc85CVDzAo7j_aZ9pbNIJily2pkkL1pnAmyxwIPycI2cyJ5TcWBvNgxd2AtoHMBcjHbhqV7F3yVAzUk6bSXZK2bF6yXmpJTDGDQf7LNiA4nW5aLBXafT0nOndjUdyNewEOY7iHk=,6.15,1.53,4,2,Ftbox_NkEr
Ranked,sp__mode sp__mode--competitive-4-tpp,2023-02-20 02:00:52,161,13,18,0,84,0.08km,Ftbox_NkEr|||Ftbox_ShiSan|||Ftbox_Magisk|||Ftbox_Xx1ng,JwQTpc85CVDzAo7j_aZ9pbhaQWaIS4qmDDAXFkczYDtJXlqZVuBxiTQNZ6zF7VcGA1ZSsAMNhYDyMHV4e4xeLfPlJa9JrrU07hgdCa3yh9ZxloG-1VCmc4RFkcC3aTh7F9RuJlf7rws=,0.00,0.08,0,0,Ftbox_NkEr
Ranked,sp__mode sp__mode--competitive-4-tpp,2023-02-20 01:36:11,1366,1,18,5,788,6.14km,Ftbox_NkEr|||Ftbox_ShiSan|||Ftbox_Magisk|||Ftbox_Xx1ng,JwQTpc85CVDzAo7j_aZ9pSkVhp6EWIF2g9cKZ0uLSIXitxs761dhyb5fAiFTEZUZ4yKWfajZTacW5R3Mcm7U4sun6lBHtP59Wl6xdHhgdyNYekhqCSUVKvt0YPkaZecOr76oIoHw2vs=,4.95,1.20,4,4,Ftbox_NkEr
Ranked,sp__mode sp__mode--competitive-4-tpp,2023-02-20 01:22:59,193,9,17,0,184,0.10km,Ftbox_NkEr|||Ftbox_Magisk|||Ftbox_ShiSan|||Ftbox_Xx1ng,JwQTpc85CVDzAo7j_aZ9pY8ZSSUkFJD1luF5LSSM4IxiNFBv8Pt3lwuHF6vUMIq5_TYK5NgME5d2Yx-AL-7JlGLnrrKmp7WrvQqqglNcrAZbGvbWqOMwcPl7_mQ5_o8PD6iH7jDqyjs=,0.00,0.10,1,0,Ftbox_NkEr
Ranked,sp__mode sp__mode--competitive-4-tpp,2023-02-20 00:53:23,113,4,16,0,0,0.05km,Ftbox_NkEr|||Ftbox_Magisk|||Ftbox_ShiSan|||Ftbox_Xx1ng,JwQTpc85CVDzAo7j_aZ9peDw0dcJqsaurPqe8YpmUoPhBdOPO8EvtcXMdN1d9_nEyqA_bCGcUafFlIQHj6r18_qN41T0RkD8CHysWrPmOQnhsJFcdSL4LU7fYYzeC4tnW2hxSczaRR0=,0.00,0.05,0,0,Ftbox_NkEr
Ranked,sp__mode sp__mode--competitive-4-tpp,2023-02-20 00:18:10,1784,2,18,2,547,2.71km,Ftbox_NkEr|||Ftbox_Magisk|||Ftbox_ShiSan|||Ftbox_Xx1ng,JwQTpc85CVDzAo7j_aZ9pY8ZSSUkFJD1O6zl5LIwbwUyNfIzUbzAtaMadCYlgiCLXTxh14bUs-TdLsHfkmhckDeEY8pCh8O5BFc9k19M9IyJEvk7JhP03090ILQtrG_xFamOlG_ulHI=,1.67,1.04,4,0,Ftbox_NkEr
Ranked,sp__mode sp__mode--competitive-4-tpp,2023-02-19 03:13:58,1734,1,16,6,959,7.10km,Ftbox_NkEr|||Ftbox_Magisk|||Ftbox_ShiSan|||Ftbox_Xx1ng,JwQTpc85CVDzAo7j_aZ9panP2T377LAEF9blABDXqEK89vnOPuky2-l4cSrOeJKoAGQ-IQT7cgOemQn16dnyfGsWO6Z32tMxEmWcwbQ7gibQ5vNa5tUouAyMbv93KLhPiixDzwpOeHk=,4.63,2.47,8,5,Ftbox_NkEr
Ranked,sp__mode sp__mode--competitive-4-tpp,2023-02-19 02:49:56,254,13,17,0,72,0.10km,Ftbox_NkEr|||Ftbox_ShiSan|||Ftbox_Magisk|||Ftbox_Xx1ng,JwQTpc85CVDzAo7j_aZ9pQye47VYS-8mfmTTh9ESkOZ_pUHLGkFRlsMeYW9AaAkG_YKdiIWpaV9WCuBWUxDkiYDgfEeshP9IB5-Ft10ycTHHqIcndc_eYyvAnzDRrfD8w3gUOHWcOzY=,0.00,0.10,0,0,Ftbox_NkEr
Ranked,sp__mode sp__mode--competitive-4-tpp,2023-02-19 02:36:20,660,11,16,4,337,0.44km,Ftbox_NkEr|||Ftbox_ShiSan|||Ftbox_Magisk|||Ftbox_Xx1ng,JwQTpc85CVDzAo7j_aZ9pbBiMX_AezvbPnd8dWYJoCGOtCV6aHI48xS6O8IzLw2WDyXGq4o97o1MU_Y4BPZ32IFdNNNsT1JOheq5LoVNi9ST3P2J434V_b5b38-5PUrE0m9ib_xYjxk=,0.00,0.44,3,2,Ftbox_NkEr
Ranked,sp__mode sp__mode--competitive-4-tpp,2023-02-19 02:09:40,1364,1,16,3,417,8.12km,Ftbox_NkEr|||Ftbox_ShiSan|||Ftbox_Magisk|||Ftbox_Xx1ng,JwQTpc85CVDzAo7j_aZ9pRTvBgO96bC_nJ75t2VYslMzlTKlCvNqvLhu1exLCv80N5jfSy90EWs-QZMWIZNXrbN3ZhRuRqHF4ZmsZBRu87llpcqlZiEuTTK9Kxa6lQRrhVgiZ21wPTg=,6.24,1.88,3,5,Ftbox_NkEr
Ranked,sp__mode sp__mode--competitive-4-tpp,2023-02-19 01:33:54,1723,1,18,6,575,5.22km,Ftbox_NkEr|||Ftbox_ShiSan|||Ftbox_Magisk|||Ftbox_Xx1ng,JwQTpc85CVDzAo7j_aZ9pa39qmyWYfsLX0rInrNOXO225SPOxW20FQf9YrnTrZP4vs0gR7jnI6L8KZLjSAgnWRhy8CuBPOEMKoeNIrFGdiC0KU5Fb2dA6i_iAN_4AJ377l09Lw5JNEk=,2.91,2.30,3,3,Ftbox_NkEr
Ranked,sp__mode sp__mode--competitive-4-tpp,2023-02-19 01:03:21,1684,1,17,8,801,7.32km,Ftbox_NkEr|||Ftbox_ShiSan|||Ftbox_Magisk|||Ftbox_Xx1ng,JwQTpc85CVDzAo7j_aZ9pR49Kf6eTQ3jKTCHI9kt6TP_7KSlSiyFP7_IIYOnKRJ-MdcxzrATXsFhIIgiRR5lcBxB8wF0DtK_3FPTJuIGvJo6oPbvBPiwsqXdGVMFiSSm56q9rY5NwEI=,5.36,1.96,6,2,Ftbox_NkEr
Ranked,sp__mode sp__mode--competitive-4-tpp,2023-02-19 00:45:35,843,10,19,1,287,6.08km,Ftbox_NkEr|||Ftbox_Magisk|||Ftbox_ShiSan|||Ftbox_Xx1ng,JwQTpc85CVDzAo7j_aZ9pU-Dj8clPggphDp-EYGHIOO0N3uxUWjTCv_4f4ck3Btiob6aSCjPSGPZZgko4K-F_5_p0ic1Fxey0BftZ0nfHUyPXzMIB_EwaBSfXUNPMhLHkIdPUn0PROA=,4.79,1.29,1,0,Ftbox_NkEr
Ranked,sp__mode sp__mode--competitive-4-tpp,2023-02-19 00:12:25,1780,1,17,9,"1,002",5.05km,Ftbox_NkEr|||Ftbox_ShiSan|||Ftbox_Magisk|||Ftbox_Xx1ng,JwQTpc85CVDzAo7j_aZ9pUiGpMpgghHso2BmI7N-nrFs3OCeegXGxJ5Ve3RUbtFIBYNznt1GQqTLmBKnhASD01098pxLqCDDhC_5wi5kzB-_Q87XoGpnHVZJFeMbmyLHqgb5xF7ET-E=,3.18,1.87,6,3,Ftbox_NkEr
Ranked,sp__mode sp__mode--competitive-4-tpp,2023-02-17 07:46:57,1363,1,17,2,390,5.23km,Ftbox_NkEr|||Ftbox_Xzz|||Ftbox_ShiSan|||Ftbox_Xx1ng,JwQTpc85CVDzAo7j_aZ9pdFDCHZz9hDHch5pH7lhmzyQTgil2XboFZYbLwdC0NEglYUh2M7X5mTWF6QMUSk32OCPWF-4WAKkntlEYIEPCC0fPv-gyT2hXySPeQL7M8bEKBr0mRH4SCU=,3.46,1.76,2,1,Ftbox_NkEr
Ranked,sp__mode sp__mode--competitive-4-tpp,2023-02-17 07:13:11,1843,1,16,5,540,4.62km,Ftbox_NkEr|||Ftbox_Xzz|||Ftbox_ShiSan|||Ftbox_Xx1ng,JwQTpc85CVDzAo7j_aZ9pZbNmuH0PUyMLtAeMnjfGcrzOt90UXgRpm_eoDFhbFKY5MuEguF9ZzB0UT5x4MKch2qY_Z7QHoEc8NUgWPYgRG7HFUiGihRyZ5P83ridnC6UjhRNRpx23vg=,2.94,1.68,4,2,Ftbox_NkEr
Ranked,sp__mode sp__mode--competitive-4-tpp,2023-02-17 07:04:03,439,11,16,1,297,0.50km,Ftbox_Xzz|||Ftbox_NkEr|||Ftbox_ShiSan|||Ftbox_Xx1ng,JwQTpc85CVDzAo7j_aZ9pVJr1BDmjXCBlzOlpYkSWhIj4PGqt6ONbwowXI0sm2g6x0ev3YAOXbt9oJb_6XZiRMvjrhuT2RJefccdg7_buhVSzW32_FWw7KZK6nlG0tkGga_ENCYUydQ=,0.00,0.50,3,0,Ftbox_NkEr
Ranked,sp__mode sp__mode--competitive-4-tpp,2023-02-17 06:34:13,1608,1,15,7,"1,003",3.71km,Ftbox_NkEr|||Ftbox_Xzz|||Ftbox_ShiSan|||Ftbox_Xx1ng,JwQTpc85CVDzAo7j_aZ9pRKlEJchPxnEZwKZcyJKVPpPjFnygz3ewintDkxz4Pz7aWW6mu0vPyhDePIcZ-M1fxSyiHTShUhmUQMqnTRgEhrlXHHvCzlgiE-QPzyXGGqjcEJuTgV3rJ4=,1.75,1.95,5,0,Ftbox_NkEr
Ranked,sp__mode sp__mode--competitive-4-tpp,2023-02-17 06:00:51,1501,1,17,2,319,5.01km,Ftbox_Xzz|||Ftbox_NkEr|||Ftbox_ShiSan|||Ftbox_Xx1ng,JwQTpc85CVDzAo7j_aZ9pabBt1kCUIA4mREwi56klnx0Q-05BtXpMKANQJJB-FalEOft2CyWXBgNeLLoaBow9D0i45m8VqU8_Tyj1ML2ScYdqyvbmkeJ-inguk0lDTSh3BmuviHDvYA=,3.27,1.74,2,2,Ftbox_NkEr
Ranked,sp__mode sp__mode--competitive-4-tpp,2023-02-17 05:31:15,1639,1,16,7,570,10.59km,Ftbox_Xzz|||Ftbox_NkEr|||Ftbox_ShiSan|||Ftbox_Xx1ng,JwQTpc85CVDzAo7j_aZ9pdMWWY-vRGVVFC9Bcyeqa_1x0RGef7zdWuA6kZyj6_fkOL5JbyWOvHgtJEhYBB7LF0fjPxyjVe7xLcRpkD5BMOh2EFfpWUvwxmyjqPro43sC5Sn8kQyuv6I=,9.06,1.52,4,1,Ftbox_NkEr
Ranked,sp__mode sp__mode--competitive-4-tpp,2023-02-17 05:01:59,1611,4,18,1,154,5.51km,Ftbox_NkEr|||Ftbox_Xzz|||Ftbox_ShiSan|||Ftbox_Xx1ng,JwQTpc85CVDzAo7j_aZ9pWwud_P7LjUsl62crRDxsYj_UaCWL2KKe9H7tNwlnp5AI0YrISXSEn0QfW_erMn3A7QCVt9KGYNjvfD3ZRMV8iAzOfT90zGot-PLhBy6deddtsqZ139POP8=,4.16,1.35,0,0,Ftbox_NkEr
Ranked,sp__mode sp__mode--competitive-4-tpp,2023-02-17 04:30:48,1711,2,16,7,728,6.41km,Ftbox_NkEr|||Ftbox_Xzz|||Ftbox_ShiSan|||Ftbox_Xx1ng,JwQTpc85CVDzAo7j_aZ9pd71WMWQ3PfpayY3Y20homAQ_bWn-mA7-z2iUrHObMOUlenf1R5fY_kVHqzckhrClfSTwyKRyni-sedjOs7O5VBuw2e09vsJIRGxaaxirr4rG8K6EbsclV0=,4.26,2.15,5,2,Ftbox_NkEr
Ranked,sp__mode sp__mode--competitive-4-tpp,2023-02-17 03:28:33,1528,1,15,6,973,3.58km,Ftbox_NkEr|||Ftbox_Xzz|||Ftbox_ShiSan|||Ftbox_Xx1ng,JwQTpc85CVDzAo7j_aZ9pd71WMWQ3PfpqFCOi1Ib7TagwU-a_HaPbBa23LZc2ZSY3LWd-S64reqSrZ0crcpL6kYpfLdFCvQd-rm7RY7grqEL7ZZqoyFZbOBL3hWwIK1GUiqtRyuSmXA=,1.91,1.68,5,2,Ftbox_NkEr
Ranked,sp__mode sp__mode--competitive-4-tpp,2023-02-17 02:56:36,1461,2,16,4,264,5.91km,Ftbox_Xzz|||Ftbox_NkEr|||Ftbox_ShiSan|||Ftbox_Xx1ng,JwQTpc85CVDzAo7j_aZ9paHyBfvJW3_9dy1R6BL5XyyGue2JV1BiaWI2m7snQpThKp06B-UrLJLs_cwbN3sCq220TcjHo-a6wMeVD6o4AYPmeb69m83uYmDwqofKuffmnaw2wFcRVsE=,4.63,1.28,3,1,Ftbox_NkEr
Ranked,sp__mode sp__mode--competitive-4-tpp,2023-02-17 02:20:15,1531,1,18,3,606,6.17km,Ftbox_Xzz|||Ftbox_NkEr|||Ftbox_ShiSan|||Ftbox_Xx1ng,JwQTpc85CVDzAo7j_aZ9pZTubGLHWKXuhNW8B-C86uM5fRhFbzNi-ShlaJ0_OJ1X_C-LbVE5tMItb-VHQuVmvd04vnibJeoGJ1dWFAXgLmkgPPlm644gjEwdXmenXRsQ2olpjPLD7U0=,4.97,1.20,4,2,Ftbox_NkEr
Ranked,sp__mode sp__mode--competitive-4-tpp,2023-02-17 01:46:47,1764,1,17,6,865,8.41km,Ftbox_NkEr|||Ftbox_Xzz|||Ftbox_ShiSan|||Ftbox_Xx1ng,JwQTpc85CVDzAo7j_aZ9pV3R7aZg1Pw30jSPatRhlj5X-znJ1pT2DKLByI7_j6yV0PNeYUMTLOC_IFxXMy7l1GsIo5o_Nhgv_zehp958D4XCE0GaaRTh0hRFDinou1NEs7sZBv_pgrM=,7.04,1.37,6,1,Ftbox_NkEr
Ranked,sp__mode sp__mode--competitive-4-tpp,2023-02-17 01:21:26,1385,4,16,1,421,3.92km,Ftbox_NkEr|||Ftbox_Xzz|||Ftbox_ShiSan|||Ftbox_Xx1ng,JwQTpc85CVDzAo7j_aZ9pV3R7aZg1Pw30jSPatRhlj5WAd5g8R-t3u6YCVCBoZ9U1v2FcGmxGAjdOtaCLdBT4ucKXUVAmOOTyx8ZkcBqCHxFRIO0jAAgJOisCrvcaHV8R6FGJelHyMc=,2.04,1.88,1,1,Ftbox_NkEr
Ranked,sp__mode sp__mode--competitive-4-tpp,2023-02-17 00:49:06,1459,1,16,2,307,4.07km,Ftbox_Xzz|||Ftbox_NkEr|||Ftbox_ShiSan|||Ftbox_Xx1ng,JwQTpc85CVDzAo7j_aZ9papnAP-BC-PdEga9VQ5KeEc4_uBErO0l20c3DXDQhP4Dh4MMEKklPbbaBUOlCuGH4ccQZXkqz96DfRUSOb_ySjULmIpY6NRrTgMrUYcKv31byB4a6MuxC9M=,1.82,2.25,2,1,Ftbox_NkEr
Ranked,sp__mode sp__mode--competitive-4-tpp,2023-02-15 10:20:44,352,3,19,3,332,0.33km,Ftbox_NkEr|||Ftbox_Xzz|||Ftbox_ShiSan|||Ftbox_HuangGg,JwQTpc85CVDzAo7j_aZ9pbEsudOW01MdxeVq9V0DsujBi5MtXqxaICfRkbj6rreOI8kSPix2QOF9jWii4EgOHmbOK5PzsBW-HykifCNewnyf7QBNO9xHyXzXfOb_oNOZGHFtbaHraBg=,0.00,0.33,3,3,Ftbox_NkEr
Ranked,sp__mode sp__mode--competitive-4-tpp,2023-02-15 09:55:03,1433,1,18,9,"1,131",5.39km,Ftbox_NkEr|||Ftbox_Xzz|||Ftbox_HuangGg|||Ftbox_ShiSan,JwQTpc85CVDzAo7j_aZ9pelWt4Bv3hIuIB3nqnOByhV1dEtMFwEfHo5-gNjuJiZPkrHK5gTaBcDu5WVwAQm5PTRa0NdoxbMEHsp_a1wOKl0Nnq1IMVfNbnMR5ig0FqRYGj3zHZZxt5E=,2.86,2.54,5,11,Ftbox_NkEr
Ranked,sp__mode sp__mode--competitive-4-tpp,2023-02-15 09:25:51,1162,1,16,5,597,6.29km,Ftbox_Xzz|||Ftbox_NkEr|||Ftbox_HuangGg|||Ftbox_ShiSan,JwQTpc85CVDzAo7j_aZ9pXB7BszWgqWpOMgta22G9E-Sq2NDS4FKaXzOQ9GU8eZfs5D7fwxaS9fpM-iWRK1n9V794VJY_YzlY2yZF7u8P_IVt2b_H51y75Z238udLqs65ywQ1p9cNOI=,4.68,1.61,5,5,Ftbox_NkEr
Ranked,sp__mode sp__mode--competitive-4-tpp,2023-02-15 08:58:09,1550,1,16,9,879,6.88km,Ftbox_Xzz|||Ftbox_NkEr|||Ftbox_HuangGg|||Ftbox_ShiSan,JwQTpc85CVDzAo7j_aZ9pYF4o7pZWRWgdGNIdvUt7UNCZTtYP8BcTH6bEqHHioozmBT34PtsTu51jOURPwvZMm30YDNciHiw4fbOAA9_Z931imFgpitk49mh8ZCE3PcQFbm_JRqL_VI=,4.54,2.34,8,6,Ftbox_NkEr
Ranked,sp__mode sp__mode--competitive-4-tpp,2023-02-15 08:30:40,1479,3,18,5,833,2.40km,Ftbox_Xzz|||Ftbox_NkEr|||Ftbox_HuangGg|||Ftbox_ShiSan,JwQTpc85CVDzAo7j_aZ9pW2gRdoudeGv4viDpE3u91A3fUM-_irRuh7hDkJUwYqrRdFxQteQ4BYdVsUJq3Hx_X0IN-i83H_XHQ5IFL_pvZyPmsV5zhnPoYRRLVBJGqXsY0QW2Cmas3I=,0.71,1.69,5,2,Ftbox_NkEr
